method,id,tags_rated,top_five_4_or_5
score(),5,9,1
score(),151,7,1
score(),176,5,0
score(),267,9,1
score(),296,99,2
score(),356,89,2
score(),427,5,0
score(),434,5,1
score(),502,6,2
score(),586,10,0
score(),596,13,1
score(),610,8,1
score(),783,11,0
score(),1007,5,2
score(),1241,12,0
score(),1284,14,0
score(),1562,24,0
score(),1688,14,1
score(),1960,21,0
score(),1963,8,2
score(),1966,9,0
score(),1981,5,1
score(),1994,11,1
score(),2004,9,0
score(),2022,15,1
score(),2034,8,0
score(),2080,8,1
score(),2163,7,2
score(),2278,11,1
score(),2420,8,2
score(),2450,16,0
score(),2572,19,1
score(),2580,16,1
score(),2696,11,0
score(),2791,15,2
score(),2966,10,3
score(),3066,5,0
score(),3074,5,2
score(),3100,7,1
score(),3152,13,2
score(),3201,11,0
score(),3386,16,1
score(),3420,7,1
score(),3528,7,2
score(),3668,5,0
score(),3745,19,0
score(),3831,5,1
score(),4155,7,1
score(),4167,9,0
score(),4255,7,3
score(),4306,32,1
score(),4329,6,2
score(),4427,12,0
score(),4678,7,2
score(),5014,9,1
score(),5027,6,1
score(),5222,6,2
score(),5388,15,2
score(),5954,14,2
score(),6155,7,1
score(),6440,20,1
score(),6541,15,1
score(),6650,24,1
score(),6755,11,1
score(),6867,8,3
score(),6953,20,4
score(),7460,8,1
score(),8531,4,0
score(),8607,14,0
score(),8633,5,0
score(),8947,6,1
score(),27721,8,2
score(),30707,34,1
score(),30749,17,1
score(),32017,6,1
score(),40339,9,2
score(),43836,12,1
score(),45442,6,1
score(),47997,23,4
score(),48385,20,2
score(),49932,16,2
score(),50872,29,1
score(),53000,14,3
score(),53519,20,1
score(),55805,16,0
score(),60069,43,2
score(),61248,9,1
score(),64620,9,1
score(),65514,9,0
score(),66097,23,1
score(),72733,8,2
score(),72998,51,0
score(),73344,11,1
score(),81847,14,1
score(),85412,14,3
score(),89904,12,0
score(),90405,27,1
score(),90430,12,2
score(),111362,32,1
score(),113348,12,1
score(),122896,12,0
score(),122898,19,1
score(),125916,13,1
score(),130073,8,0
score(),130634,20,3
score(),135141,18,2
score(),141866,17,1
score(),187717,7,1
score(),194951,19,1
score(),275245,17,0
popularity,5,9,1
popularity,151,7,1
popularity,176,5,0
popularity,267,9,1
popularity,296,99,2
popularity,356,89,2
popularity,427,5,0
popularity,434,5,1
popularity,502,6,2
popularity,586,10,0
popularity,596,13,1
popularity,610,8,1
popularity,783,11,0
popularity,1007,5,2
popularity,1241,12,0
popularity,1284,14,0
popularity,1562,24,0
popularity,1688,14,1
popularity,1960,21,0
popularity,1963,8,2
popularity,1966,9,0
popularity,1981,5,1
popularity,1994,11,1
popularity,2004,9,0
popularity,2022,15,1
popularity,2034,8,0
popularity,2080,8,1
popularity,2163,7,2
popularity,2278,11,1
popularity,2420,8,2
popularity,2450,16,0
popularity,2572,19,1
popularity,2580,16,1
popularity,2696,11,0
popularity,2791,15,2
popularity,2966,10,3
popularity,3066,5,0
popularity,3074,5,2
popularity,3100,7,1
popularity,3152,13,2
popularity,3201,11,0
popularity,3386,16,1
popularity,3420,7,1
popularity,3528,7,2
popularity,3668,5,0
popularity,3745,19,0
popularity,3831,5,1
popularity,4155,7,1
popularity,4167,9,0
popularity,4255,7,3
popularity,4306,32,1
popularity,4329,6,2
popularity,4427,12,0
popularity,4678,7,2
popularity,5014,9,1
popularity,5027,6,1
popularity,5222,6,2
popularity,5388,15,2
popularity,5954,14,2
popularity,6155,7,1
popularity,6440,20,1
popularity,6541,15,1
popularity,6650,24,1
popularity,6755,11,1
popularity,6867,8,3
popularity,6953,20,4
popularity,7460,8,1
popularity,8531,4,0
popularity,8607,14,0
popularity,8633,5,0
popularity,8947,6,1
popularity,27721,8,2
popularity,30707,34,1
popularity,30749,17,1
popularity,32017,6,1
popularity,40339,9,2
popularity,43836,12,1
popularity,45442,6,1
popularity,47997,23,4
popularity,48385,20,2
popularity,49932,16,2
popularity,50872,29,1
popularity,53000,14,3
popularity,53519,20,1
popularity,55805,16,0
popularity,60069,43,2
popularity,61248,9,1
popularity,64620,9,1
popularity,65514,9,0
popularity,66097,23,1
popularity,72733,8,2
popularity,72998,51,0
popularity,73344,11,1
popularity,81847,14,1
popularity,85412,14,3
popularity,89904,12,0
popularity,90405,27,1
popularity,90430,12,2
popularity,111362,32,1
popularity,113348,12,1
popularity,122896,12,0
popularity,122898,19,1
popularity,125916,13,1
popularity,130073,8,0
popularity,130634,20,3
popularity,135141,18,2
popularity,141866,17,1
popularity,187717,7,1
popularity,194951,19,1
popularity,275245,17,0
your own order,296,10,0
your own order,586,5,0
your own order,2572,6,1
your own order,4306,8,0
your own order,6155,3,0
your own order,8531,3,0
your own order,50872,8,1
your own order,60069,9,2
your own order,81847,7,1
your own order,130073,4,0
