movieId,imdbId,tmdbId
1,0114709,862
2,0113497,8844
3,0113228,15602
4,0114885,31357
5,0113041,11862
6,0113277,949
7,0114319,11860
8,0112302,45325
9,0114576,9091
10,0113189,710
11,0112346,9087
12,0112896,12110
13,0112453,21032
14,0113987,10858
15,0112760,1408
16,0112641,524
17,0114388,4584
18,0113101,5
19,0112281,9273
20,0113845,11517
21,0113161,8012
22,0112722,1710
23,0112401,9691
24,0114168,12665
25,0113627,451
26,0114057,16420
27,0114011,9263
28,0114117,17015
29,0112682,902
30,0115012,37557
31,0112792,9909
32,0114746,63
34,0112431,9598
35,0112637,47018
36,0112818,687
39,0112697,9603
41,0114279,31174
42,0112819,11443
43,0114272,35196
44,0113855,9312
45,0114681,577
46,0113347,11861
47,0114369,807
48,0114148,10530
50,0114814,629
52,0113819,11448
57,0113321,9089
58,0110877,11010
60,0113419,11359
61,0116260,17182
62,0113862,2054
63,0116126,10607
64,0118002,19760
65,0115683,9536
66,0116839,11525
68,0113149,4482
69,0113118,10634
70,0116367,755
71,0113010,11859
72,0113537,28387
73,0113828,48750
74,0115644,20927
76,0114367,9102
78,0112744,27526
79,0116731,9623
81,0114660,400
82,0112379,880
85,0112365,8447
86,0118158,10534
88,0115697,13997
89,0113972,2086
92,0117002,9095
93,0114825,12158
94,0115639,9283
95,0115759,9208
97,0113247,406
100,0115907,11062
101,0115734,13685
102,0117102,47475
104,0116483,9614
105,0112579,688
107,0117110,10874
110,0112573,197
111,0075314,103
112,0113326,33542
117,0115033,16934
122,0103859,11066
123,0109424,11104
125,0116324,2074
126,0110647,27793
132,0113451,11863
135,0116130,9101
140,0118055,9302
141,0115685,11000
144,0112585,16388
145,0112442,9737
147,0112461,10474
150,0112384,568
151,0114287,11780
153,0112462,414
154,0061395,649
155,0112495,1873
156,0112541,5894
157,0109370,1775
158,0112642,8839
159,0112688,20649
160,0112715,10329
161,0112740,8963
162,0109508,26564
163,0112851,8068
164,0112857,8512
165,0112864,1572
168,0113071,6520
169,0113114,9073
170,0113243,10428
171,0113464,17447
172,0113481,9886
173,0113492,9482
174,0113500,19326
175,0113540,9344
176,0113677,9071
177,0113690,8973
179,0113729,47608
180,0113749,2293
181,0113820,9070
185,0113957,1642
186,0113986,11472
188,0114194,11980
191,0114345,10533
193,0114436,10802
194,0114478,10149
195,0114496,18402
196,0114508,9348
198,0114558,281
199,0058450,5967
203,0114682,9090
204,0114781,3512
205,0114798,52856
207,0114887,9560
208,0114898,9804
213,0111579,50797
215,0112471,76
216,0112508,11017
218,0112571,9382
222,0112679,22625
223,0109445,2292
224,0112883,1909
225,0109635,8984
227,0109676,4954
229,0109579,10531
230,0109642,11929
231,0109686,8467
232,0111797,10451
233,0109759,20156
234,0109758,18395
235,0109707,522
236,0113117,397
237,0113097,10525
239,0113198,15789
246,0110057,14275
247,0110005,1024
248,0110066,17207
249,0110116,13701
252,0110099,11777
253,0110148,628
256,0110216,6280
257,0113501,9061
258,0113538,37108
259,0113552,6071
260,0076759,11
261,0110367,9587
262,0113670,19101
265,0103994,18183
266,0110322,4476
267,0110443,11008
270,0110391,43742
271,0113691,28313
272,0110428,11318
273,0109836,3036
274,0113755,40490
275,0110538,24070
276,0110516,8986
277,0110527,10510
280,0113870,8438
281,0110684,11593
282,0110638,1945
288,0110632,241
289,0110737,9058
290,0110729,527
292,0114069,6950
293,0110413,101
296,0110912,680
299,0110889,40156
300,0110932,11450
302,0110963,10452
303,0114214,12106
305,0110907,3586
306,0111495,110
307,0108394,108
308,0111507,109
312,0114571,28033
313,0111333,22586
314,0111112,14334
315,0111255,2636
316,0111282,2164
317,0111070,11395
318,0111161,278
319,0111149,9905
322,0114594,20306
326,0110081,31439
327,0114614,9067
328,0114608,9059
329,0111280,193
330,0114609,25066
332,0114852,12122
333,0114694,11381
334,0111590,32636
337,0108550,1587
338,0114857,9271
339,0114924,2064
340,0111667,19855
342,0110598,236
344,0109040,3049
345,0109045,2759
347,0104779,10497
348,0109348,11382
349,0109444,9331
350,0109446,10731
351,0109484,10464
352,0109504,34152
353,0109506,9495
354,0109450,29973
355,0109813,888
356,0109830,13
357,0109831,712
358,0113305,16295
360,0110093,10879
361,0110167,10660
362,0110213,10714
364,0110357,8587
365,0107426,1689
366,0111686,11596
367,0110475,854
368,0110478,9359
370,0110622,36593
371,0110771,12280
372,0110950,2788
373,0105226,10427
374,0110989,11011
376,0110997,8987
377,0111257,1637
378,0111256,15128
379,0111438,8831
380,0111503,36955
381,0111693,10449
382,0111742,10395
383,0111756,12160
393,0111301,11667
405,0110027,8011
407,0113409,2654
410,0106220,2758
412,0106226,10436
413,0109068,13595
415,0106292,9409
416,0109198,11853
417,0109219,16771
419,0106400,11041
420,0109254,306
421,0109279,14522
422,0109297,26203
423,0109303,178
426,0106452,4722
427,0106471,18215
428,0106489,1607
429,0109361,26391
431,0106519,6075
432,0109439,11310
433,0109443,18658
434,0106582,9350
435,0106598,9612
436,0109456,2124
437,0109480,26261
440,0106673,11566
441,0106677,9571
442,0106697,9739
444,0106834,34444
445,0106873,26141
446,0106332,10997
448,0106881,10443
450,0111732,16297
452,0111712,25440
454,0106918,37233
455,0106965,1634
457,0106977,5503
464,0107076,2019
466,0107144,9255
468,0112966,10612
469,0107151,2259
471,0110074,11934
473,0110123,12475
474,0107206,9386
475,0107207,7984
477,0108551,15765
479,0107286,6
480,0107290,329
481,0107302,10909
482,0110265,507
485,0107362,9593
489,0107478,12121
490,0107497,2246
491,0107501,10502
492,0107507,10440
493,0107554,9516
494,0116253,2320
497,0107616,11971
500,0107614,788
501,0107653,21450
502,0110657,11231
504,0110678,10447
505,0110687,31586
506,0107756,9300
507,0107808,9559
508,0107818,9800
509,0107822,713
511,0107889,18133
512,0111003,25557
514,0110955,10872
515,0107943,1245
516,0110971,11858
517,0107969,7007
518,0111001,10467
519,0107978,5550
520,0107977,8005
521,0107983,2088
522,0105275,10412
524,0108002,14534
527,0108052,424
529,0108065,14291
531,0108071,11236
532,0111127,11592
533,0111143,8850
534,0108101,10445
535,0108122,695
537,0111201,12519
538,0108149,23210
539,0108160,858
540,0108162,867
541,0083658,78
542,0108186,13203
543,0108174,10442
544,0108238,11074
546,0108255,9607
548,0111400,9057
549,0108328,20967
550,0111418,10635
551,0107688,9479
552,0108333,10057
553,0108358,11969
555,0108399,319
556,0108515,26408
558,0110763,15139
562,0114906,11446
569,0110363,31504
574,0111252,17600
575,0110366,10897
581,0112651,32562
585,0112572,9066
586,0099785,771
587,0099653,251
588,0103639,812
589,0103064,280
590,0099348,581
592,0096895,268
593,0102926,274
594,0029583,408
595,0101414,10020
596,0032910,10895
597,0100405,114
599,0065214,576
605,0117247,7300
606,0112625,10824
608,0116282,275
609,0116552,25059
610,0082509,11827
611,0116514,8766
612,0117283,23570
613,0116684,47333
616,0065421,10112
627,0113613,12520
628,0117381,1592
631,0115509,19042
637,0117608,9099
640,0116095,10988
647,0115956,10684
648,0117060,954
650,0117071,18989
653,0116136,8840
656,0116168,11107
661,0116683,10539
662,0116287,10543
663,0116768,18414
665,0114787,11902
671,0117128,3065
673,0117705,2300
674,0062711,8069
678,0108181,27768
680,0058898,8072
688,0114048,27281
691,0117104,40001
694,0117774,20762
700,0112368,25969
704,0117420,9103
707,0117107,10990
708,0117979,8866
709,0095776,12233
710,0115851,23449
711,0116322,36355
714,0112817,922
718,0108500,11687
719,0117108,9304
720,0118114,503475
724,0115963,9100
725,0116448,20759
728,0112701,32513
733,0117500,9802
735,0109592,21588
736,0117998,664
737,0115624,11867
741,0113568,9323
742,0117894,10280
743,0117723,10535
745,0112691,532
748,0115571,10547
750,0057012,935
761,0117331,9826
762,0117765,9879
765,0116669,7095
766,0116594,26890
778,0117951,627
780,0116629,602
781,0117737,14553
782,0116277,9566
783,0116583,10545
784,0115798,9894
785,0116778,11543
786,0116213,9268
788,0117218,9327
798,0116040,11228
799,0116365,10779
800,0116905,26748
801,0116493,38223
802,0117333,9294
804,0117628,11363
805,0117913,1645
809,0116320,18550
810,0116756,11511
818,0118073,12606
828,0115472,18975
829,0116707,11962
830,0116313,2925
832,0117438,3595
833,0116531,9308
836,0115857,12123
837,0117008,10830
838,0116191,3573
839,0115986,10546
842,0117826,9431
848,0117718,47907
849,0116225,10061
851,0115632,549
852,0117918,10478
858,0068646,238
861,0104558,11134
866,0115736,9303
879,0120004,11015
880,0116654,9306
886,0115783,10723
891,0113253,10987
892,0117991,44705
898,0032904,981
899,0045152,872
900,0043278,2769
901,0050419,13320
902,0054698,164
903,0052357,426
904,0047396,567
905,0025316,3078
906,0036855,13528
908,0053125,213
909,0053604,284
910,0053291,239
911,0056923,4808
912,0034583,289
913,0033870,963
914,0058385,11113
915,0047437,6620
916,0046250,804
918,0037059,909
919,0032138,630
920,0031381,770
921,0084370,31044
922,0043014,599
923,0033467,15
924,0062622,62
926,0042192,705
928,0032976,223
930,0038787,303
931,0038109,4174
932,0050105,8356
933,0048728,381
934,0042451,20758
936,0031725,1859
938,0051658,17281
940,0029843,10907
942,0037008,1939
943,0039420,22292
945,0027125,3080
946,0035446,198
947,0028010,13562
948,0049261,1712
949,0048028,220
950,0025878,3529
951,0032599,3085
952,0048960,2897
953,0038650,1585
954,0031679,3083
955,0029947,900
965,0026029,260
968,0063350,10331
969,0043265,488
971,0051459,261
986,0116329,11076
991,0117039,1770
994,0115678,18203
996,0116830,9333
999,0115438,9401
1003,0116259,11306
1004,0116421,9625
1005,0116000,10680
1006,0115862,6346
1007,0072653,18660
1009,0072951,14821
1010,0064603,14136
1011,0071607,10869
1012,0050798,22660
1013,0055277,19186
1014,0054195,31102
1015,0107131,6878
1016,0053271,15944
1017,0054357,18444
1018,0059793,20723
1019,0046672,173
1020,0106611,864
1021,0109127,24795
1022,0042332,11224
1023,0063819,81310
1024,0038166,15947
1025,0057546,9078
1027,0102798,8367
1028,0058331,433
1029,0033563,11360
1030,0076538,11114
1031,0066817,12335
1032,0043274,12092
1033,0082406,10948
1034,0116361,11229
1035,0059742,15121
1036,0095016,562
1037,0104692,10163
1041,0117589,11159
1042,0117887,9591
1043,0117924,30500
1046,0115640,10938
1047,0116908,11412
1049,0116409,10586
1050,0116913,42314
1051,0117958,27845
1057,0116242,9716
1059,0117509,454
1060,0117802,10218
1061,0117665,819
1066,0029546,31530
1073,0067992,252
1077,0070707,11561
1078,0066808,11302
1079,0095159,623
1080,0079470,583
1081,0084865,12614
1082,0068334,21711
1083,0059243,11575
1084,0061418,475
1085,0052027,11331
1086,0046912,521
1088,0092890,88
1089,0105236,500
1090,0091763,792
1091,0098627,8491
1092,0103772,402
1093,0101761,10537
1094,0104036,11386
1095,0104348,9504
1096,0084707,15764
1097,0083866,601
1099,0029992,25842
1100,0099371,2119
1101,0092099,744
1103,0048545,221
1104,0044081,702
1111,0117040,9305
1120,0117318,1630
1124,0082846,11816
1125,0072081,11843
1126,0101775,10379
1127,0096754,2756
1128,0080749,790
1129,0082340,1103
1130,0082533,11298
1131,0091288,4480
1132,0091480,4481
1135,0081375,10765
1136,0071853,762
1147,0118147,10548
1148,0108598,531
1150,0084589,4483
1161,0078875,659
1171,0103850,10608
1172,0095765,11216
1173,0097108,7452
1175,0101700,892
1176,0101765,1600
1177,0101811,26561
1178,0050825,975
1179,0099703,18129
1183,0116209,409
1185,0097937,10161
1186,0098724,1412
1187,0105107,41768
1188,0105488,10409
1189,0096257,14285
1190,0101026,2469
1191,0102370,10174
1192,0100332,31225
1193,0073486,510
1194,0078446,11455
1196,0080684,1891
1197,0093779,2493
1198,0082971,85
1199,0088846,68
1200,0090605,679
1201,0060196,429
1202,0094336,13446
1203,0050083,389
1204,0056172,947
1206,0066921,185
1207,0056592,595
1208,0078788,28
1209,0064116,335
1210,0086190,1892
1211,0093191,144
1212,0041959,1092
1213,0099685,769
1214,0078748,348
1215,0106308,766
1216,0095250,175
1217,0089881,11645
1218,0097202,10835
1219,0054215,539
1220,0080455,525
1221,0071562,240
1222,0093058,600
1223,0104361,530
1224,0097499,10705
1225,0086879,279
1226,0045061,3109
1227,0087843,311
1228,0081398,1578
1230,0075686,703
1231,0086197,9549
1232,0079944,1398
1233,0082096,387
1234,0070735,9277
1235,0067185,343
1237,0050976,490
1238,0085859,11235
1240,0088247,218
1241,0103873,763
1242,0097441,9665
1243,0100519,18971
1244,0079522,696
1245,0100150,379
1246,0097165,207
1247,0061722,37247
1248,0052311,1480
1249,0100263,9322
1250,0050212,826
1251,0056801,422
1252,0071315,829
1253,0043456,828
1254,0040897,3090
1255,0092610,9964
1256,0023969,3063
1257,0088794,13667
1258,0081505,694
1259,0092005,235
1260,0022100,832
1261,0092991,765
1262,0057115,5925
1263,0077416,11778
1264,0082269,4485
1265,0107048,137
1266,0105695,33
1267,0056218,982
1268,0100436,8428
1269,0036613,212
1270,0088763,105
1271,0101921,1633
1272,0066206,11202
1273,0090967,1554
1274,0094625,149
1275,0091203,8009
1276,0061512,903
1277,0099334,11673
1278,0072431,3034
1279,0102536,339
1280,0101640,10404
1281,0032553,914
1282,0032455,756
1283,0044706,288
1284,0038355,910
1285,0097493,2640
1286,0081534,16633
1287,0052618,665
1288,0088258,11031
1289,0085809,11314
1290,0094006,15143
1291,0097576,89
1292,0078841,10322
1293,0083987,783
1295,0096332,10644
1296,0091867,11257
1297,0089886,14370
1298,0084503,12104
1299,0087553,625
1300,0089606,8816
1301,0049223,830
1302,0097351,2323
1303,0073341,983
1304,0064115,642
1305,0087884,655
1307,0098635,639
1320,0103644,8077
1321,0082010,814
1327,0078767,11449
1333,0056869,571
1334,0051418,8851
1339,0103874,6114
1340,0026138,229
1342,0103919,9529
1343,0101540,1598
1344,0055824,11349
1345,0074285,7340
1346,0083722,6217
1347,0087800,377
1348,0013442,653
1350,0075005,794
1353,0117057,25189
1354,0115751,145
1356,0117731,199
1357,0117631,7863
1358,0117666,12498
1359,0116705,9279
1361,0117293,17204
1363,0117372,21539
1366,0115988,20539
1367,0115433,11674
1370,0099423,1573
1371,0079945,152
1372,0102975,174
1373,0098382,172
1374,0084726,154
1375,0088170,157
1376,0092007,168
1377,0103776,364
1378,0096487,11967
1379,0100994,9086
1380,0077631,621
1381,0084021,9037
1385,0105690,8845
1387,0073195,578
1388,0077766,579
1389,0085750,17692
1390,0117119,17795
1391,0116996,75
1392,0115906,13891
1393,0116695,9390
1394,0093822,378
1395,0094155,10896
1396,0105435,2322
1399,0116999,9819
1401,0116410,31908
1405,0115641,3179
1407,0117571,4232
1408,0104691,9361
1409,0117038,2928
1411,0116477,10549
1414,0117091,27265
1416,0116250,8818
1419,0067959,36040
1422,0119731,9415
1425,0119115,12145
1429,0116704,9404
1431,0118708,9622
1432,0119664,8860
1438,0118928,9619
1441,0106387,4104
1445,0119640,14908
1446,0116790,784
1449,0118111,16448
1453,0118691,17894
1457,0119141,1968
1459,0118548,66
1461,0120434,11419
1464,0116922,638
1466,0119008,9366
1468,0118750,21915
1474,0119432,9446
1476,0119951,9403
1479,0120053,10003
1480,0120152,9311
1483,0115964,884
1485,0119528,1624
1487,0120094,16052
1488,0118972,4477
1498,0119381,12723
1499,0118615,9360
1500,0119229,9434
1503,0118541,13982
1513,0120032,9611
1515,0120461,10357
1517,0118655,816
1518,0118771,2163
1527,0119116,18
1537,0117615,11239
1541,0118556,2058
1542,0115744,9450
1544,0119567,330
1552,0118880,1701
1554,0114134,26422
1556,0120179,1639
1562,0118688,415
1566,0119282,11970
1569,0119738,8874
1573,0119094,754
1580,0119654,607
1584,0118884,686
1586,0119173,4421
1587,0082198,9387
1588,0119190,10603
1589,0118887,2142
1590,0119081,8413
1591,0120177,10336
1592,0118570,20737
1593,0119896,9413
1594,0119361,14585
1597,0118883,8834
1603,0119675,4961
1608,0118571,9772
1610,0099810,1669
1611,0102494,468
1614,0119360,10806
1615,0119051,9433
1616,0119874,6623
1617,0119488,2118
1619,0120102,978
1620,0119468,9437
1623,0120524,10351
1625,0119174,2649
1627,0120399,10155
1633,0120402,55306
1635,0119349,68924
1639,0118842,2255
1641,0119164,9427
1643,0119280,17589
1644,0119345,3597
1645,0118971,1813
1648,0119324,33344
1649,0119107,25099
1653,0119177,782
1658,0119535,8067
1660,0119080,45153
1663,0083131,10890
1665,0118689,1281
1672,0119978,11975
1673,0118749,4995
1674,0090329,9281
1676,0120201,563
1678,0107282,19931
1680,0120148,10215
1681,0119707,9823
1682,0120382,37165
1683,0120520,45609
1687,0119395,4824
1688,0118617,9444
1689,0120483,9414
1690,0118583,8078
1693,0118607,11831
1694,0118632,2895
1701,0118954,2639
1702,0119137,9574
1704,0119217,489
1707,0119303,9714
1711,0119668,8197
1713,0119715,6283
1717,0120082,4233
1719,0120255,10217
1721,0120338,597
1722,0120347,714
1726,0119925,9922
1727,0119314,547
1729,0119396,184
1730,0119485,9746
1732,0118715,115
1734,0119590,27103
1735,0119223,9410
1747,0120885,586
1748,0118929,2666
1752,0120696,11258
1753,0120693,9490
1754,0119099,9411
1760,0120185,6116
1762,0118956,9457
1769,0120008,11702
1772,0118747,11568
1777,0120888,11003
1779,0120184,10153
1783,0120782,30949
1784,0119822,2898
1785,0099939,9558
1792,0120873,11808
1794,0119574,47452
1797,0120661,21736
1799,0120241,10668
1801,0120744,9313
1805,0120890,617
1809,0119250,5910
1810,0119942,9440
1821,0120772,17127
1831,0120738,2157
1833,0120749,8838
1834,0120176,29193
1835,0120632,795
1836,0120728,16980
1840,0124718,9469
1845,0120906,16148
1848,0118755,9449
1858,0117786,10622
1862,0120841,10216
1866,0120609,9448
1873,0119683,4415
1876,0120647,8656
1882,0120685,929
1883,0118798,9452
1884,0120669,1878
1885,0120777,9844
1888,0119313,9715
1889,0119375,26610
1892,0120787,1965
1894,0120828,6068
1895,0127723,15037
1907,0120762,10674
1909,0120902,846
1911,0118998,3050
1912,0120780,1389
1913,0073540,11020
1914,0120321,20862
1916,0118789,9464
1917,0120591,95
1918,0122151,944
1920,0122718,11551
1921,0138704,473
1923,0129387,544
1924,0052077,10513
1927,0020629,143
1931,0026752,12311
1938,0037884,28580
1939,0036868,887
1944,0045793,11426
1945,0047296,654
1946,0048356,15919
1947,0055614,1725
1948,0057590,5769
1949,0060665,874
1950,0061811,10633
1951,0063385,17917
1952,0064665,3116
1953,0067116,1051
1954,0075148,1366
1955,0079417,12102
1956,0081283,16619
1957,0082158,9443
1958,0086425,11050
1959,0089755,606
1960,0093389,746
1961,0095953,380
1962,0097239,403
1963,0065063,11485
1964,0067309,466
1965,0087995,13820
1966,0100142,15389
1967,0091369,13597
1968,0088847,2108
1969,0089686,10014
1970,0093629,10072
1971,0095742,10131
1972,0097981,10160
1973,0101917,11284
1974,0080761,4488
1975,0082418,9725
1976,0083972,9728
1977,0087298,9730
1978,0089173,9731
1979,0091080,10225
1980,0095179,10281
1981,0097388,10283
1982,0077651,948
1983,0082495,11281
1984,0085636,10676
1985,0095271,11357
1991,0094862,10585
1992,0099253,11186
1993,0103956,11187
1994,0084516,609
1995,0091778,11133
1996,0095889,10306
1997,0070047,9552
1999,0099528,11587
2000,0093409,941
2001,0097733,942
2002,0104714,943
2003,0087363,927
2004,0099700,928
2005,0089218,9340
2006,0120746,9342
2009,0070723,12101
2010,0017136,19
2011,0096874,165
2012,0099088,196
2013,0069113,551
2014,0076054,16084
2015,0054594,17984
2018,0034492,3170
2019,0047478,346
2020,0094947,859
2021,0087182,841
2022,0095497,11051
2023,0099674,242
2025,0119558,9769
2026,0134619,9424
2028,0120815,857
2033,0088814,10957
2034,0078869,9570
2036,0109287,13962
2038,0077305,19378
2042,0109520,11164
2046,0091059,10122
2048,0091149,9994
2052,0107120,10439
2053,0104437,11158
2054,0097523,9354
2058,0120768,9631
2059,0120783,9820
2060,0131857,14013
2064,0098213,1779
2065,0089853,10849
2066,0039689,678
2067,0059113,907
2068,0083922,5961
2070,0086423,42121
2071,0106273,2887
2072,0096734,11974
2076,0090756,793
2078,0061852,9325
2080,0048280,10340
2081,0097757,10144
2082,0104868,10414
2083,0104940,10437
2085,0055254,12230
2087,0046183,10693
2088,0081353,11335
2089,0100477,11135
2090,0076618,11319
2091,0078158,14822
2093,0089908,13155
2094,0102803,10249
2096,0053285,10882
2097,0086336,24808
2099,0038969,13850
2100,0088161,2619
2102,0019422,53565
2105,0084827,97
2106,0108265,10419
2107,0120694,11675
2108,0102250,2107
2109,0079367,6471
2110,0083798,9442
2111,0085894,11591
2112,0101969,13697
2114,0086066,227
2115,0087469,87
2116,0077869,123
2117,0087803,9314
2118,0085407,11336
2119,0091499,9980
2120,0107665,10657
2121,0085382,10489
2122,0087050,10823
2123,0096787,11497
2124,0101272,2907
2125,0120631,9454
2126,0120832,8688
2130,0080388,23954
2132,0061184,396
2133,0092513,14367
2134,0090305,11814
2135,0061584,16081
2136,0057372,18331
2137,0070016,15171
2138,0078480,11837
2139,0084649,11704
2140,0083791,11639
2141,0090633,4978
2142,0101329,10380
2143,0089469,11976
2144,0088128,15144
2145,0091790,11522
2146,0090060,11557
2147,0090848,13853
2148,0091223,11415
2150,0080801,8393
2151,0097443,11937
2153,0118661,9320
2155,0120831,14662
2159,0099763,10692
2160,0063522,805
2161,0088323,34584
2162,0100240,34636
2163,0080391,2182
2167,0120611,36647
2171,0119778,41469
2174,0094721,4011
2176,0040746,1580
2178,0068611,573
2181,0058329,506
2183,0049470,574
2184,0048750,11219
2186,0044079,845
2188,0120577,3682
2193,0096446,847
2194,0094226,117
2195,0120654,14577
2202,0037017,13321
2203,0036342,21734
2206,0034248,11462
2208,0030341,940
2212,0025452,8208
2231,0128442,10220
2232,0123755,431
2236,0124879,22796
2240,0081207,21873
2243,0092699,12626
2245,0096463,3525
2247,0095593,2321
2248,0098258,2028
2249,0100212,16384
2252,0104412,10699
2253,0105629,11597
2259,0086973,14347
2261,0091680,18282
2262,0090583,18169
2263,0096073,11082
2266,0101523,20096
2268,0104257,881
2269,0107211,4478
2273,0120812,2109
2278,0122690,8195
2279,0146336,9877
2282,0126604,11855
2287,0047573,11071
2288,0084787,1091
2289,0105151,10403
2291,0099487,162
2294,0120587,8916
2296,0120770,9429
2297,0120889,12159
2300,0063462,30197
2301,0082517,10156
2302,0104952,10377
2303,0073440,3121
2311,0086837,4437
2312,0090830,1890
2313,0080678,1955
2315,0144120,11932
2316,0120791,6435
2318,0147612,10683
2320,0118636,9445
2321,0120789,2657
2322,0120157,9425
2324,0118799,637
2325,0124819,8675
2328,0120877,9945
2329,0120586,73
2331,0120722,46889
2333,0120684,3033
2334,0133952,9882
2335,0120484,10663
2336,0127536,4518
2337,0120879,1808
2338,0130018,3600
2340,0119643,297
2344,0089941,11893
2346,0073747,12223
2348,0091954,14924
2349,0091538,10002
2351,0050783,19426
2352,0085244,12560
2353,0120660,9798
2354,0134067,14444
2355,0120623,9487
2356,0120533,9466
2357,0140888,666
2359,0166396,10162
2360,0154420,309
2361,0069089,692
2363,0047034,1678
2366,0024216,244
2367,0074751,10730
2369,0089017,8130
2371,0089155,9749
2372,0097366,14628
2373,0089893,9626
2374,0091159,13698
2375,0091541,10466
2376,0090264,707
2377,0089489,11954
2378,0087928,9336
2379,0089822,10157
2380,0091777,12118
2381,0093756,10587
2382,0095882,11825
2383,0098105,11895
2384,0120595,9447
2387,0124198,10029
2389,0155975,11252
2390,0147004,8545
2391,0120324,10223
2392,0141109,9745
2393,0120844,200
2394,0120794,9837
2395,0128445,11545
2396,0138097,1934
2398,0039628,11881
2399,0089961,13764
2401,0089767,8879
2402,0089880,1369
2403,0083944,1368
2404,0095956,1370
2405,0089370,10303
2406,0088011,9326
2407,0088933,10328
2408,0094890,11285
2409,0079817,1367
2410,0084602,1371
2411,0089927,1374
2412,0100507,1375
2413,0088930,15196
2414,0090357,11904
2416,0090685,15596
2420,0087538,1885
2421,0091326,8856
2422,0097647,10495
2423,0097958,5825
2424,0128853,9489
2427,0120863,8741
2428,0133751,9276
2429,0120751,9822
2431,0129290,10312
2432,0120686,9441
2433,0120633,9422
2436,0120857,10368
2439,0118564,31662
2442,0150915,46992
2443,0145734,825
2447,0139699,14709
2448,0120458,9423
2450,0091225,10658
2453,0090768,24086
2454,0051622,11815
2455,0091064,9426
2456,0097368,10344
2457,0091875,15698
2459,0072271,30497
2463,0091877,12151
2467,0091605,192
2468,0091306,10945
2469,0091738,10013
2470,0090555,9671
2471,0092493,9396
2473,0091991,12278
2474,0090863,11873
2476,0091187,10015
2478,0092086,8388
2485,0160862,10314
2488,0054167,11167
2490,0120784,2112
2495,0070544,16306
2496,0124298,11622
2497,0139462,10207
2500,0155776,18892
2501,0132477,13466
2502,0151804,1542
2504,0137338,15256
2505,0134273,8224
2506,0123209,18417
2511,0070334,1847
2513,0098084,8913
2517,0085333,8769
2518,0084412,14742
2520,0065377,10671
2524,0072308,5919
2527,0070909,2362
2528,0074812,10803
2529,0063442,871
2530,0065462,1685
2531,0069768,1705
2532,0068408,1688
2533,0067065,1687
2539,0122933,9535
2541,0139134,796
2542,0120735,100
2549,0131646,10350
2550,0057129,11772
2551,0094964,9540
2553,0054443,11773
2555,0118665,22345
2558,0141098,1641
2560,0129332,10212
2561,0139668,10354
2565,0049408,16520
2567,0131369,11374
2568,0120757,16379
2571,0133093,603
2572,0147800,4951
2574,0129280,8970
2575,0120449,9840
2579,0154506,11660
2580,0139239,9430
2581,0151738,11355
2583,0126250,9465
2594,0125659,1902
2596,0133189,6396
2598,0120797,12596
2599,0126886,9451
2600,0120907,1946
2605,0137494,1844
2606,0138510,6552
2611,0155388,28519
2612,0037913,3309
2613,0087799,18462
2616,0099422,8592
2617,0120616,564
2618,0118826,13852
2622,0140379,10210
2628,0120915,1893
2633,0023245,15849
2639,0082766,15660
2640,0078346,1924
2641,0081573,8536
2642,0086393,9531
2643,0094074,11411
2644,0021814,138
2648,0021884,3035
2657,0073629,36685
2660,0044121,10785
2662,0046534,8974
2664,0049366,11549
2668,0084745,17918
2670,0052151,18784
2671,0125439,509
2672,0139809,1090
2676,0128278,12117
2677,0186508,11779
2683,0145660,817
2686,0120802,14283
2687,0120855,37135
2688,0144214,2275
2690,0122541,24137
2692,0130827,104
2693,0120370,15800
2694,0142342,9032
2696,0119038,9421
2699,0099052,6488
2700,0158983,9473
2701,0120891,8487
2702,0162677,10279
2706,0163651,2105
2707,0137363,1073
2709,0158811,10208
2710,0185937,2667
2712,0120663,345
2713,0139414,9825
2716,0087332,620
2717,0097428,2978
2718,0157503,10490
2719,0171363,11618
2720,0141369,332
2722,0149261,8914
2723,0132347,9824
2724,0163187,4806
2726,0049406,247
2728,0054331,967
2729,0056193,802
2730,0072684,3175
2731,0053198,147
2732,0055032,1628
2734,0091557,11120
2735,0091129,10136
2736,0090774,32060
2739,0088939,873
2745,0091530,11416
2746,0091419,10776
2747,0054033,24452
2750,0093818,30890
2759,0144168,16406
2761,0129167,10386
2762,0167404,745
2763,0155267,913
2764,0063688,912
2770,0131325,11353
2771,0120620,17707
2772,0165710,9781
2779,0077663,12185
2787,0088889,10552
2788,0066765,9267
2789,0077394,10766
2791,0080339,813
2792,0083530,2665
2793,0118604,9406
2794,0089670,11418
2795,0085995,11153
2796,0095188,14170
2797,0094737,2280
2798,0100419,11077
2799,0102719,28597
2802,0096244,10396
2803,0107798,9944
2804,0085334,850
2805,0130121,10154
2806,0133046,10342
2807,0176269,10366
2808,0105698,9349
2810,0156887,10494
2815,0091278,11037
2819,0073802,11963
2822,0104839,9096
2826,0120657,1911
2827,0138304,2900
2829,0164108,37718
2836,0125971,14578
2840,0145531,10307
2841,0164181,11601
2843,0118843,1075
2846,0097050,47951
2857,0063823,12105
2858,0169547,14
2859,0088178,24128
2860,0181316,11001
2861,0126916,10390
2862,0080491,9453
2863,0058182,704
2866,0077280,24153
2867,0089175,11797
2870,0061385,17887
2871,0068473,10669
2872,0082348,11527
2875,0108185,1049
2877,0073812,11326
2881,0150377,10398
2883,0140397,24071
2888,0164114,14429
2889,0134618,15198
2890,0120188,6415
2891,0162360,24066
2901,0079714,9638
2902,0086154,10576
2905,0056443,11712
2906,0156934,12618
2907,0167427,13824
2908,0171804,226
2912,0165854,10388
2915,0086200,9346
2916,0100802,861
2917,0082089,14412
2918,0091042,9377
2919,0086617,11541
2920,0037674,2457
2921,0068699,11901
2922,0061747,4929
2924,0080179,11230
2925,0065571,8416
2926,0095270,11054
2927,0037558,851
2929,0082979,18254
2932,0077405,16642
2935,0033804,3086
2936,0034240,16305
2940,0038559,3767
2941,0052225,17352
2942,0085549,535
2944,0061578,1654
2946,0059260,14831
2947,0058150,658
2948,0057076,657
2949,0055928,646
2950,0080453,5689
2951,0058461,391
2952,0119256,8052
2953,0104431,772
2959,0137523,550
2961,0160916,12220
2966,0166896,404
2968,0081633,36819
2970,0083946,9343
2971,0078754,16858
2973,0097123,11562
2976,0163988,8649
2985,0093870,5548
2986,0100502,5549
2987,0096438,856
2989,0082398,699
2990,0097742,709
2991,0070328,253
2993,0059800,660
2995,0185371,11377
2997,0120601,492
3000,0119698,128
3004,0120596,2020
3005,0145681,9481
3006,0140352,9008
3007,0181288,14242
3011,0065088,28145
3016,0083767,16281
3018,0089885,1694
3019,0097240,476
3020,0106856,37094
3022,0017925,961
3030,0055630,11878
3032,0067525,11234
3033,0094012,957
3034,0070608,11886
3035,0048380,37853
3036,0082484,62204
3037,0065988,11040
3039,0086465,1621
3040,0079540,14035
3044,0101669,11498
3051,0149691,21349
3052,0120655,1832
3053,0151137,10047
3054,0190641,10228
3060,0101605,11663
3061,0034862,13485
3062,0056197,9289
3063,0105156,9264
3066,0066473,11165
3067,0095675,4203
3068,0084855,24226
3070,0086856,11379
3071,0094027,29154
3072,0093565,2039
3074,0068762,11943
3075,0059646,11481
3077,0164312,20565
3079,0178737,10399
3081,0162661,2668
3082,0143145,36643
3083,0185125,99
3087,0096061,9647
3088,0042546,11787
3089,0040522,5156
3090,0093509,24276
3091,0080979,11953
3093,0067411,29005
3095,0032551,596
3097,0033045,20334
3098,0087781,11393
3099,0073692,31121
3100,0105265,293
3101,0093010,10998
3102,0089360,12235
3104,0095631,9013
3105,0099077,11005
3107,0101393,2924
3108,0101889,177
3111,0087921,13681
3113,0146675,9946
3114,0120363,863
3125,0172396,20024
3129,0158371,9684
3130,0099165,9586
3134,0028950,777
3135,0079239,21887
3146,0205000,10402
3147,0120689,497
3148,0124315,1715
3152,0067328,25188
3153,0051337,15515
3155,0166485,1439
3156,0182789,2277
3157,0164912,10137
3159,0120910,49948
3160,0175880,334
3163,0151568,46435
3168,0064276,624
3169,0087231,26578
3173,0146838,9563
3174,0125664,1850
3175,0177789,926
3176,0134119,1213
3177,0195945,10471
3178,0174856,10400
3179,0145653,10397
3181,0120866,12524
3185,0120834,10219
3186,0172493,3558
3189,0156812,17908
3194,0070903,10236
3196,0046359,632
3197,0095897,11851
3198,0070511,5924
3200,0070290,14886
3201,0065724,26617
3203,0097162,10493
3204,0077269,16241
3208,0107659,9644
3210,0083929,13342
3213,0106364,14919
3219,0100318,2990
3238,0120662,18681
3243,0104187,10406
3244,0076095,14741
3246,0104797,1883
3247,0105417,2005
3248,0108147,6279
3249,0104389,11087
3250,0106246,7305
3251,0088683,24735
3252,0105323,9475
3253,0105793,8872
3254,0108525,8873
3255,0104694,11287
3256,0105112,9869
3257,0103855,619
3258,0104070,9374
3259,0104231,11259
3260,0104454,8293
3261,0105415,11068
3262,0105665,1923
3263,0105812,10158
3264,0103893,10206
3265,0104684,11782
3266,0103905,10086
3267,0104815,9367
3268,0105477,9876
3269,0104291,10326
3270,0104040,16562
3271,0105046,9609
3272,0103759,12143
3273,0134084,4234
3274,0105414,9605
3275,0144117,8374
3285,0163978,1907
3296,0062376,25934
3298,0181984,14181
3300,0134847,2787
3301,0190138,2069
3307,0021749,901
3310,0012349,10098
3316,0184858,2155
3317,0185014,11004
3328,0165798,4816
3334,0040506,11016
3342,0086969,11296
3347,0086005,14280
3354,0183523,2067
3355,0142688,622
3358,0101698,12186
3359,0078902,20283
3360,0091217,5693
3361,0094812,287
3362,0072890,968
3363,0069704,838
3364,0042208,16958
3365,0049730,3114
3384,0072251,8333
3386,0102138,820
3388,0093148,8989
3394,0092666,918
3396,0079588,11176
3397,0082474,14900
3398,0087755,11899
3404,0046435,16535
3408,0195685,462
3409,0195714,9532
3415,0072443,1396
3418,0103074,1541
3420,0078718,17443
3421,0077975,8469
3424,0097216,925
3429,0099317,54825
3430,0071402,13939
3435,0036775,996
3438,0100758,1498
3439,0103060,1497
3440,0108308,1499
3441,0087985,1880
3444,0092675,11690
3448,0093105,801
3450,0107050,11520
3451,0061735,1879
3452,0165929,2085
3461,0057261,9960
3462,0027977,3082
3466,0107091,12187
3467,0057163,24748
3468,0054997,990
3469,0053946,1908
3470,0071411,9764
3471,0075860,840
3476,0099871,2291
3477,0112950,13531
3478,0093378,16620
3479,0089457,526
3481,0146882,243
3483,0138749,10501
3484,0192614,11478
3489,0102057,879
3494,0065126,17529
3498,0077928,11327
3499,0100157,1700
3503,0069293,593
3504,0074958,10774
3505,0093640,10083
3507,0063374,11356
3508,0075029,10747
3510,0186151,10559
3512,0122459,2621
3513,0160797,10479
3521,0097940,11305
3524,0082031,13665
3525,0086927,12309
3526,0098067,1552
3527,0093773,106
3528,0102713,10333
3534,0191754,10468
3535,0144084,1359
3536,0171433,4967
3538,0166175,10557
3543,0083833,13776
3545,0068327,10784
3546,0056687,10242
3548,0051383,16347
3549,0048140,4825
3550,0085701,11654
3551,0074860,10518
3552,0080487,11977
3554,0199725,14736
3555,0141926,3536
3556,0159097,1443
3564,0158622,889
3565,0198021,10564
3566,0189584,15723
3576,0093185,12476
3578,0172495,98
3591,0085970,13105
3593,0185183,5491
3594,0210616,10560
3598,0171359,10688
3608,0089791,5683
3614,0104438,12518
3615,0130623,10567
3616,0217630,10642
3617,0215129,9285
3618,0196216,10569
3623,0120755,955
3624,0184894,8584
3629,0015864,962
3633,0064757,668
3635,0076752,691
3638,0079574,698
3639,0071807,682
3646,0208003,9600
3649,0080365,2768
3654,0054953,10911
3668,0063518,6003
3671,0071230,11072
3675,0047673,13368
3676,0074486,985
3677,0103767,14002
3681,0059578,938
3682,0070355,10648
3683,0086979,11368
3684,0097322,10875
3685,0089841,2075
3686,0099582,1551
3688,0084522,10246
3693,0090190,15239
3697,0100403,169
3698,0093894,865
3699,0088172,9663
3701,0094631,10128
3702,0079501,9659
3703,0082694,8810
3704,0089530,9355
3705,0099141,1727
3706,0092563,635
3707,0091635,10068
3708,0087262,11495
3712,0102951,25562
3717,0187078,9679
3723,0099726,10264
3726,0074156,17814
3727,0093605,11879
3729,0067741,482
3730,0071360,592
3733,0070509,14328
3735,0070666,9040
3740,0090728,6978
3741,0069762,3133
3742,0015648,643
3744,0162650,479
3745,0120913,7450
3751,0120630,7443
3752,0183505,2123
3753,0187393,2024
3754,0131704,17711
3755,0177971,2133
3760,0076257,11598
3763,0089118,9873
3770,0087175,24099
3783,0159382,12706
3784,0219854,4244
3785,0175142,4247
3786,0179116,20770
3788,0060176,1052
3791,0087277,1788
3793,0120903,36657
3798,0161081,2655
3799,0210234,12599
3801,0052561,93
3802,0104299,9278
3809,0103241,10276
3811,0080310,13783
3812,0068555,11624
3814,0073312,11686
3819,0092048,11830
3821,0144528,12107
3824,0174480,10641
3825,0200550,6282
3826,0164052,9383
3827,0186566,5551
3831,0195234,2360
3836,0065938,11589
3841,0099005,11856
3844,0098384,10860
3852,0234853,20438
3861,0191397,10393
3863,0209958,8843
3864,0188640,10643
3868,0095705,37136
3869,0102510,37137
3871,0046303,3110
3873,0059017,11694
3877,0088206,9651
3879,0160009,11398
3882,0204946,1588
3889,0144964,12211
3893,0171580,10480
3896,0202677,1619
3897,0181875,786
3908,0192731,12212
3910,0168629,16
3911,0218839,13785
3916,0210945,10637
3917,0093177,9003
3918,0095294,9064
3925,0088184,469
3927,0060397,2161
3930,0046876,10973
3932,0024184,10787
3946,0208988,10461
3948,0212338,1597
3949,0180093,641
3950,0170691,10687
3952,0208874,6521
3953,0205271,10763
3959,0054387,2134
3967,0249462,71
3968,0230030,1636
3969,0223897,10647
3972,0111512,12207
3973,0229260,11531
3977,0160127,4327
3978,0146984,4958
3979,0185431,9678
3980,0203019,11978
3981,0199753,8870
3983,0203230,14295
3984,0066995,681
3986,0216216,8452
3987,0186894,10862
3988,0170016,8871
3991,0211181,10481
3992,0213847,10867
3993,0180073,10876
3994,0217869,9741
3996,0190332,146
3997,0190374,11849
3998,0228750,11983
3999,0190865,11678
4002,0093748,2609
4005,0093428,708
4006,0092106,1857
4007,0094291,10673
4008,0096969,2604
4010,0088850,11064
4011,0208092,107
4014,0241303,392
4015,0242423,8859
4016,0120917,11688
4017,0183659,12509
4018,0207201,3981
4019,0181536,711
4020,0219699,2046
4022,0162222,8358
4023,0218967,5994
4025,0212346,1493
4027,0190590,134
4029,0120202,21991
4030,0219653,10577
4033,0146309,11973
4034,0181865,1900
4036,0189998,10873
4037,0093223,26719
4039,0083564,15739
4040,0101757,15413
4041,0084434,2623
4047,0107007,10655
4052,0218817,9989
4054,0206275,9816
4056,0237572,5955
4061,0102388,17474
4062,0095690,11191
4069,0209475,2018
4084,0092644,96
4085,0086960,90
4086,0092654,11028
4090,0092695,19933
4091,0092718,12919
4102,0092948,17159
4103,0092965,10110
4105,0083907,764
4117,0093209,32054
4121,0093260,2614
4124,0093300,580
4128,0093437,1547
4132,0093493,10019
4133,0093507,11649
4144,0118694,843
4148,0212985,9740
4149,0239948,10878
4155,0230838,1921
4159,0233142,12138
4161,0236493,6073
4167,0179626,2749
4205,0100140,4587
4210,0091474,11454
4211,0100486,38718
4214,0088000,14052
4220,0071771,4985
4223,0215750,853
4225,0205873,5257
4226,0209144,77
4228,0125022,10833
4231,0244970,12658
4232,0227538,10054
4234,0236784,2575
4235,0245712,55
4238,0164334,2043
4239,0221027,4133
4246,0243155,634
4247,0245686,10956
4248,0236348,19366
4254,0231402,9290
4255,0240515,13166
4262,0086250,111
4265,0132245,10477
4270,0209163,1734
4275,0085811,849
4280,0084917,11307
4291,0080319,19494
4292,0079638,40842
4299,0183790,9476
4306,0126029,808
4308,0203009,824
4310,0213149,676
4321,0101587,1406
4322,0095082,13554
4326,0095647,1632
4327,0054047,966
4329,0053221,301
4333,0094142,11896
4340,0255798,11090
4343,0251075,9397
4344,0244244,9705
4349,0065528,10364
4351,0102685,1089
4356,0045810,759
4359,0048605,10653
4361,0084805,9576
4366,0230011,10865
4367,0146316,1995
4368,0240462,10808
4369,0232500,9799
4370,0212720,644
4372,0250224,10691
4378,0203119,11826
4383,0228786,60670
4386,0239395,10992
4387,0271027,2140
4388,0257106,4248
4396,0082136,11286
4406,0056217,11697
4427,0063227,18988
4437,0076786,11906
4443,0082869,10540
4446,0173840,2114
4447,0250494,8835
4448,0227445,11371
4464,0094606,31052
4465,0094608,10868
4467,0096764,14506
4474,0094715,15592
4487,0094889,7520
4489,0094898,9602
4499,0095031,10141
4506,0095174,10675
4508,0095243,10130
4509,0095253,2617
4519,0095489,12144
4531,0095963,9604
4533,0089907,10925
4544,0096101,11966
4545,0091949,2605
4546,0096163,8740
4553,0096256,8337
4558,0096320,9493
4564,0096794,11352
4571,0096928,1648
4572,0096933,4105
4587,0097257,2210
4616,0097722,14621
4621,0097778,9494
4623,0097815,9942
4638,0163025,331
4639,0265029,11467
4641,0162346,1548
4642,0248845,13403
4643,0133152,869
4649,0243655,2171
4654,0098206,10135
4661,0098273,12150
4673,0098439,9618
4677,0098536,6951
4678,0098546,11959
4679,0098554,2616
4681,0098621,249
4700,0247638,9880
4701,0266915,5175
4703,0094868,41951
4713,0080360,11542
4718,0252866,2770
4719,0181739,12610
4720,0230600,1933
4725,0261983,10972
4728,0250687,9896
4732,0258470,9683
4733,0256524,2779
4734,0261392,2294
4735,0228333,10016
4744,0263488,8922
4754,0070917,16307
4757,0202470,12508
4776,0139654,2034
4787,0102316,11521
4799,0057193,11576
4809,0086312,12502
4814,0260866,12103
4815,0252501,11313
4816,0196229,9398
4821,0206314,10866
4823,0240890,9778
4835,0080549,16769
4844,0219965,3172
4846,0108148,12780
4848,0166924,1018
4855,0066999,984
4857,0067093,14811
4865,0120681,768
4866,0272020,2100
4867,0200027,11091
4873,0243017,9081
4874,0272152,167
4876,0245674,9378
4878,0246578,141
4880,0264796,11457
4881,0243133,10778
4886,0198781,585
4887,0267804,10796
4889,0252503,11088
4890,0256380,9889
4896,0241527,671
4899,0265087,11469
4901,0266987,1535
4902,0256009,1433
4903,0247425,1999
4914,0053472,269
4936,0080716,3537
4941,0080745,3604
4951,0100054,10847
4954,0054135,299
4958,0159273,8007
4963,0240772,161
4967,0283509,8342
4973,0211915,194
4974,0277371,11397
4975,0259711,1903
4978,0259393,9523
4979,0265666,9428
4980,0101452,1649
4990,0268397,12589
4992,0035423,11232
4993,0120737,120
4994,0268995,11086
4995,0268978,453
5008,0051201,37257
5009,0248667,8489
5010,0265086,855
5013,0280707,5279
5014,0277027,10950
5015,0285742,1365
5016,0120824,6440
5021,0074937,6037
5025,0273923,11857
5026,0237534,6312
5027,0099044,11595
5040,0087078,9610
5047,0240468,11891
5049,0083511,150
5055,0106770,10423
5060,0066026,651
5064,0245844,11362
5065,0265349,2637
5066,0281358,10229
5072,0293416,9606
5092,0265298,11870
5093,0233469,9884
5103,0108037,11528
5105,0069995,931
5107,0251114,10592
5108,0251160,8470
5110,0247745,39939
5120,0069281,993
5128,0238546,11979
5135,0265343,480
5139,0074174,23479
5146,0216651,15999
5147,0050986,614
5151,0243736,2752
5152,0277434,10590
5159,0104254,13225
5171,0268695,2135
5218,0268380,425
5219,0120804,1576
5220,0284490,5851
5222,0264761,15647
5225,0245574,1391
5247,0076729,11006
5254,0187738,36586
5265,0266452,9275
5266,0258000,4547
5267,0265662,14635
5269,0254686,1791
5283,0283111,11452
5291,0042876,548
5292,0076723,11590
5293,0264472,1537
5294,0264616,12149
5296,0253867,11812
5299,0259446,8346
5303,0099892,2565
5308,0094137,12154
5309,0098966,11630
5312,0264935,11892
5313,0277296,9334
5316,0157583,10491
5319,0247586,18079
5323,0211443,11470
5329,0235737,11468
5339,0104466,28384
5349,0145487,557
5364,0250797,2251
5377,0276751,245
5378,0121765,1894
5380,0278500,9026
5388,0278504,320
5389,0166813,9023
5400,0164184,4614
5401,0279493,12277
5415,0279778,9583
5418,0258463,2501
5419,0267913,9637
5420,0245562,12100
5444,0275847,11544
5445,0181689,180
5446,0252444,9555
5449,0280590,2022
5452,0107438,11982
5459,0120912,608
5463,0253556,6278
5464,0257044,4147
5478,0271367,8869
5479,0267626,8665
5480,0243585,10996
5481,0295178,818
5500,0088286,8764
5502,0286106,2675
5504,0287717,9488
5505,0279113,9962
5506,0309377,9573
5507,0295701,7451
5508,0274309,2750
5524,0300532,9266
5528,0265459,9357
5530,0258153,9296
5540,0082186,10323
5541,0102059,9595
5572,0303714,10611
5574,0293662,4108
5577,0280760,9685
5602,0048281,5506
5608,0250258,575
5617,0274812,11013
5618,0245429,129
5620,0256415,11529
5621,0290095,10771
5630,0289765,9533
5650,0086373,12921
5666,0292644,1809
5668,0283139,10994
5669,0310793,1430
5673,0272338,8051
5679,0298130,565
5690,0095327,12477
5693,0076666,11009
5747,0082432,11646
5782,0082949,1672
5784,0288477,9645
5785,0322802,9012
5791,0120679,1360
5803,0297181,8427
5804,0304669,9021
5810,0298203,65
5812,0297884,10712
5816,0295297,672
5833,0280609,11880
5853,0081455,9538
5872,0246460,36669
5876,0258068,8198
5878,0287467,64
5881,0307479,2103
5882,0133240,9016
5899,0058777,14433
5900,0289848,9932
5902,0268126,2757
5903,0238380,7299
5941,0303933,13497
5942,0302640,11852
5943,0252076,7303
5944,0253754,201
5945,0257360,2755
5952,0167261,121
5954,0307901,1429
5955,0168786,13435
5956,0217505,3131
5957,0313737,2642
5959,0272207,11022
5970,0102492,4032
5971,0096283,8392
5989,0264464,640
5991,0299658,1574
5992,0274558,590
5995,0253474,423
6001,0085794,262
6003,0290538,4912
6006,0305711,12090
6016,0317248,598
6058,0309593,9358
6059,0292506,1647
6093,0084237,10150
6104,0084352,11949
6155,0251127,9919
6156,0300471,6038
6157,0287978,9480
6166,0106701,12139
6184,0074851,991
6187,0289992,11615
6188,0302886,11635
6197,0278731,9613
6212,0305669,10678
6213,0314353,9567
6214,0290673,979
6218,0286499,455
6238,0099699,12157
6242,0178868,2671
6250,0285531,6171
6263,0264395,10782
6264,0298814,9341
6266,0286788,10735
6281,0183649,1817
6283,0275277,11299
6286,0311519,7294
6287,0305224,9506
6290,0251736,2662
6291,0300140,12093
6294,0245803,11817
6296,0310281,13370
6297,0311289,8326
6299,0301727,11516
6301,0067800,994
6303,0066769,10514
6305,0060390,1714
6322,0310910,10743
6323,0309698,2832
6331,0334405,16636
6333,0290334,36658
6338,0317303,10708
6350,0092067,10515
6365,0234215,604
6367,0309530,10720
6370,0283900,1555
6373,0315327,310
6377,0266543,12
6378,0317740,9654
6379,0295700,9902
6380,0342172,2260
6383,0322259,584
6385,0298228,1088
6440,0101410,290
6461,0054428,6643
6482,0329028,10152
6502,0289043,170
6503,0305357,9471
6534,0286716,1927
6535,0333780,10327
6537,0181852,296
6538,0324133,302
6539,0325980,22
6541,0311429,8698
6548,0172156,8961
6550,0274166,9486
6552,0301199,3472
6564,0325703,1996
6565,0329575,4464
6566,0338459,12279
6586,0328828,8273
6593,0322330,10330
6595,0257076,9257
6615,0329101,6466
6617,0316356,2055
6618,0286112,11770
6620,0305206,2771
6624,0313911,10923
6639,0062467,11206
6643,0046438,18148
6645,0066434,636
6650,0041546,11898
6659,0100814,9362
6662,0057413,936
6663,0075066,12268
6664,0088944,10999
6666,0068361,4593
6669,0044741,3782
6707,0303816,11547
6708,0325805,7270
6709,0285823,1428
6711,0335266,153
6713,0291350,33320
6724,0070510,11293
6731,0088993,8408
6753,0327137,13156
6754,0320691,277
6755,0281686,9707
6763,0266489,7288
6764,0327850,10159
6765,0328589,10934
6773,0286244,9662
6774,0086541,837
6777,0055031,821
6787,0074119,891
6791,0092603,11832
6793,0103786,11806
6796,0101507,650
6807,0085959,4543
6808,0065207,11046
6810,0102945,7442
6818,0091251,25237
6820,0210070,9871
6857,0107692,14282
6863,0332379,1584
6867,0340377,2056
6870,0327056,322
6873,0138524,11775
6874,0266697,24
6879,0313542,11329
6880,0324216,9373
6881,0311648,1550
6887,0316465,13920
6888,0306047,4256
6889,0328880,10009
6890,0363589,1807
6893,0064505,10536
6902,0165832,20312
6932,0323944,13537
6934,0242653,605
6936,0319343,10719
6942,0314331,508
6944,0101862,11846
6947,0311113,8619
6951,0312528,10588
6952,0348836,4970
6953,0315733,470
6954,0338135,11042
6957,0307987,10147
6958,0338094,10756
6959,0300556,9562
6966,0099365,9556
6975,0119167,10234
6979,0086567,860
6985,0019254,780
6987,0010323,234
6993,0091167,5143
6996,0102034,8010
7000,0102070,9292
7001,0077745,11850
7004,0099938,951
7007,0102266,9319
7008,0070849,1643
7013,0048424,3112
7018,0100404,11092
7022,0266308,3176
7027,0090022,11509
7034,0150662,11634
7036,0090142,11824
7044,0100935,483
7045,0100944,10166
7046,0094332,6069
7063,0068182,2000
7064,0038348,648
7072,0031971,995
7073,0058586,1594
7076,0062765,916
7084,0069097,11610
7090,0299977,79
7099,0087544,81
7101,0101745,11821
7116,0046911,827
7123,0102511,2742
7132,0026778,37719
7137,0318374,10744
7139,0298845,10511
7143,0325710,616
7147,0319061,587
7149,0337741,6964
7150,0338466,1792
7151,0335119,3635
7153,0167260,122
7154,0304415,11820
7155,0337909,8696
7156,0317910,12698
7158,0315983,11093
7160,0340855,504
7161,0349205,11007
7162,0159365,2289
7163,0338337,9620
7164,0316396,10601
7173,0343135,5966
7215,0037382,22584
7234,0047528,405
7235,0296042,9696
7247,0062803,11708
7254,0289879,1954
7256,0379557,11194
7263,0349825,14292
7265,0309987,1278
7285,0328538,11023
7293,0343660,1824
7317,0356150,9352
7318,0335345,615
7323,0301357,338
7324,0317648,2023
7325,0335438,9384
7327,0060827,797
7346,0265208,10591
7347,0363988,1586
7360,0363547,924
7361,0338013,38
7362,0364045,11081
7366,0300051,9541
7367,0335245,5516
7369,0331632,11024
7371,0276919,553
7373,0167190,1487
7376,0351977,11358
7380,0327679,14442
7381,0327247,2122
7386,0049833,6844
7387,0077402,923
7419,0088680,10843
7438,0378194,393
7439,0330793,7220
7444,0337563,10096
7445,0328107,9509
7451,0377092,10625
7454,0338526,7131
7458,0332452,652
7460,0379217,883
7481,0089092,11864
7482,0070034,9461
7569,0062512,667
7570,0086034,700
7573,0086006,36670
7587,0062229,5511
7669,0112130,164721
7698,0078966,988
7700,0046268,204
7701,0100050,9356
7766,0050613,3777
7802,0080120,11474
7836,0066580,9459
7842,0142032,
7925,0051808,1059
7926,0057565,12493
7934,0086637,11030
7980,0075784,5902
7981,0338564,10775
7982,0365376,4552
8014,0374546,113
8042,0070379,203
8132,0104346,16219
8154,0053779,439
8169,0092494,11548
8207,0069947,4909
8228,0022111,28257
8253,0079833,15371
8337,0046816,10178
8340,0079116,10734
8360,0298148,809
8361,0319262,435
8366,0332375,13193
8368,0304141,673
8370,0363226,246
8371,0296572,2789
8372,0356634,8920
8373,0327162,9890
8376,0374900,8193
8464,0390521,9372
8477,0056119,662
8493,0100133,12651
8507,0022913,136
8526,0327437,10204
8528,0364725,9472
8529,0362227,594
8531,0381707,12153
8533,0332280,11036
8581,0168122,3293
8596,0078163,6081
8604,0152930,2330
8607,0388473,13398
8614,0093693,10780
8622,0361596,1777
8623,0093886,11584
8633,0087597,11884
8636,0316654,558
8638,0381681,80
8640,0349683,9477
8641,0357413,8699
8643,0356470,11247
8644,0343818,2048
8645,0390221,436
8665,0372183,2502
8666,0327554,314
8781,0368008,14462
8783,0368447,6947
8784,0333766,401
8798,0369339,1538
8807,0366551,11282
8808,0368933,11130
8810,0370263,395
8814,0364751,10762
8827,0083652,20120
8860,0337921,9759
8861,0318627,1577
8865,0346156,5137
8866,0360201,11823
8870,0356618,10145
8873,0318462,1653
8874,0365748,747
8879,0071877,4176
8880,0089560,11177
8907,0307453,10555
8910,0356721,1599
8914,0390384,14337
8916,0358135,4380
8917,0372588,3989
8937,0390022,13416
8947,0391198,1970
8948,0375173,8849
8949,0375063,9675
8950,0361862,4553
8957,0387564,176
8958,0350258,1677
8961,0317705,9806
8965,0338348,5255
8966,0362269,11184
8969,0317198,9801
8970,0308644,866
8972,0368891,2059
8973,0275491,140
8974,0345950,11836
8977,0346491,1966
8981,0376541,2288
8983,0385004,9550
8984,0349903,163
8985,0359013,36648
25771,0020530,626
26082,0056058,14537
26131,0058946,17295
26133,0059026,13187
26150,0060107,895
26242,0067023,839
26662,0097814,16859
26680,0099329,9768
26729,0102015,4539
26776,0104652,11621
26903,0113824,37797
27156,0169858,18491
27266,0212712,844
27317,0235198,11075
27482,0285492,437
27592,0310775,4689
27660,0328832,55931
27706,0339291,11774
27721,0344510,2841
27728,0347246,12140
27731,0347618,15370
27772,0364385,11838
27773,0364569,670
27788,0366627,9667
27790,0366777,13373
27801,0368909,9316
27803,0369702,1913
27808,0371246,2539
27815,0372824,5528
27821,0373926,179
27831,0375912,4836
27839,0377109,10320
27846,0379225,11420
27904,0405296,3509
30707,0405159,70
30749,0395169,205
30793,0367594,118
30803,0423866,1280
30810,0362270,421
30812,0338751,2567
30816,0293508,9833
30822,0385267,1901
30825,0290002,693
31221,0357277,9947
31225,0393162,7214
31364,0353969,11423
31410,0363163,613
31420,0398712,8978
31427,0382077,11096
31433,0372532,6961
31658,0347149,4935
31685,0386588,8488
31696,0360486,561
31804,0403358,3040
31878,0373074,9470
32017,0395699,10022
32019,0377471,4551
32029,0340163,2026
32031,0358082,9928
32296,0385307,10040
32587,0401792,187
32596,0318649,7364
32598,0332047,11431
33004,0371724,7453
33085,0384806,10065
33154,0413845,13020
33158,0329774,11679
33162,0320661,1495
33164,0397065,10066
33166,0375679,1640
33171,0370986,11171
33437,0342258,10027
33493,0121766,1895
33499,0369735,4379
33615,0351283,953
33646,0398165,9291
33660,0352248,921
33669,0403508,9779
33679,0356910,787
33794,0372784,272
33834,0418819,11683
33836,0374536,9722
33880,0415978,1382
33903,0408777,276
34048,0407304,74
34072,0428803,1667
34150,0120667,9738
34162,0396269,9522
34319,0399201,1635
34323,0395584,1696
34332,0405325,11459
34336,0417001,11648
34338,0436078,15258
34405,0379786,16320
34437,0412019,308
34520,0377818,6519
34532,0397101,9913
34534,0430105,8292
34542,0427312,501
35836,0405422,6957
35957,0421239,11460
36276,0387898,445
36401,0355295,4442
36517,0387131,1985
36519,0388482,9335
36525,0425123,9007
36527,0377107,9777
36529,0399295,1830
36535,0404030,340
37380,0419706,8814
37382,0421054,9923
37384,0348333,7553
37386,0402022,8202
37720,0404032,8643
37727,0408790,9315
37729,0121164,3933
37731,0385002,8923
37733,0399146,59
37741,0379725,398
37830,0385700,647
37857,0366780,14517
38038,0312004,533
38061,0373469,5236
38798,0388125,11931
38886,0367089,10707
39183,0388795,142
39231,0368709,9621
39292,0433383,3291
39381,0421238,16608
39427,0371257,8066
39435,0386140,1656
39444,0384680,6963
39446,0432348,215
40278,0418763,25
40339,0371606,9982
40581,0433400,10033
40583,0365737,231
40629,0414387,4348
40732,0435625,9392
40815,0330373,674
40819,0358273,69
40826,0294870,1833
40851,0406375,6795
41285,0416320,116
41566,0363771,411
41569,0360717,254
41571,0397535,1904
41573,0356680,9043
41716,0365485,9515
41997,0408306,612
42002,0395251,9899
42004,0407265,546
42011,0369441,7552
42418,0402399,11400
42632,0451094,4550
42718,0414852,10045
42723,0450278,1690
42725,0456554,9900
42734,0443536,10982
42738,0401855,834
43396,0412080,9912
43560,0396752,11283
43679,0414982,9286
43836,0383216,12096
43871,0408345,9754
43928,0370032,9920
43936,0450232,2207
44004,0427229,6877
44022,0438097,950
44191,0434409,752
44193,0454945,9655
44195,0427944,9388
44199,0454848,388
44397,0454841,9792
44555,0405094,582
44665,0425210,186
44694,0441909,219
44761,0393109,9270
44788,0493459,16070
44828,0439815,9035
44972,0362120,4257
44974,0424136,2652
45081,0384537,588
45186,0317919,956
45210,0475276,9829
45431,0327084,7518
45442,0409182,503
45447,0382625,591
45499,0376994,36668
45501,0452594,9767
45517,0317219,920
45666,0457510,9353
45668,0410297,2044
45672,0389860,9339
45720,0458352,350
45722,0383574,58
45726,0463034,1819
45728,0424345,2295
45730,0452637,9697
45732,0465624,4474
45880,0422720,1887
45950,0497116,1781
46062,0475293,10947
46322,0446059,7549
46335,0463985,9615
46530,0348150,1452
46578,0449059,773
46723,0449467,1164
46948,0385880,9297
46965,0417148,326
46967,0457513,512
46970,0415306,9718
46972,0477347,1593
46976,0420223,1262
47044,0430357,82
47099,0454921,1402
47122,0455967,9293
47200,0479884,1948
47382,0462590,9762
47423,0468489,7859
47518,0384793,9788
47610,0443543,1491
47629,0436697,1165
47640,0486551,9988
47644,0445990,11652
47810,0450345,9708
47997,0387808,7512
47999,0486358,1776
48043,0414993,1381
48082,0354899,300
48142,0387877,9676
48304,0472043,1579
48322,0493430,12094
48385,0443453,496
48394,0457430,1417
48414,0400717,7484
48516,0407887,1422
48696,0404203,1440
48738,0455590,1523
48774,0206634,9693
48780,0482571,1124
48783,0418689,3683
48877,0489270,214
48982,0424095,11619
48997,0396171,1427
49272,0381061,36557
49274,0366548,9836
49278,0453467,7551
49286,0457939,1581
49396,0365830,2179
49530,0450259,1372
49649,0449010,2486
49651,0479143,1246
49772,0446755,14202
49822,0343737,1247
49824,0443489,1125
49932,0460829,1730
49961,0465551,1259
50068,0498380,1251
50442,0426883,7457
50601,0398808,1265
50685,0473308,10758
50794,0475394,7516
50798,0799949,9760
50804,0367959,1248
50872,0382932,2062
50912,0401711,2266
51077,0259324,1250
51080,0401997,4169
51084,0758766,11172
51086,0481369,3594
51091,0462200,7874
51255,0425112,4638
51412,0435705,1738
51540,0443706,1949
51575,0486946,11199
51662,0416449,1271
51709,0468492,1255
51931,0490204,2355
51935,0822854,7485
52042,0389557,9075
52241,0427470,8270
52245,0445934,9955
52281,0462322,285923
52287,0396555,1267
52319,0076584,22311
52328,0448134,1272
52435,0060345,13377
52458,0486822,8271
52604,0488120,6145
52694,0453451,1268
52722,0413300,559
52885,0851578,4977
52952,0480025,11798
52973,0478311,4964
52975,0427327,2976
53000,0463854,1562
53121,0413267,810
53123,0907657,5723
53125,0449088,285
53129,0780571,3432
53318,0460740,12225
53322,0496806,298
53460,0423294,9408
53464,0486576,1979
53519,1028528,1991
53550,0462504,9952
53894,0386032,2359
53953,0450385,3021
53956,0795368,2196
53972,0337978,1571
53993,0413099,2698
53996,0418279,1858
54001,0373889,675
54004,0762107,3563
54190,0445922,4688
54256,0787475,10074
54259,0486655,2270
54272,0462538,35
54281,0423977,8669
54286,0440963,2503
54372,0362225,10795
54503,0829482,8363
54648,0293564,5174
54736,0431197,4349
54881,0923752,13958
54995,1077258,1992
54997,0381849,5176
54999,0465602,4141
55052,0783233,4347
55069,1032846,2009
55118,0765443,2252
55232,0432021,7737
55247,0758758,5915
55267,0480242,7211
55269,0838221,4538
55276,0465538,4566
55280,0805564,6615
55282,0389722,4513
55290,0452623,4771
55363,0443680,4512
55442,0808417,2011
55444,0421082,5708
55577,0890870,663
55721,0861739,7347
55765,0765429,4982
55768,0389790,5559
55805,0292963,7972
55814,0401383,2013
55820,0477348,6977
55830,0799934,4953
55872,0426931,5123
55908,0756683,13363
55995,0442933,2310
56145,0884328,5876
56152,0461770,4523
56156,0465494,1620
56171,0385752,2268
56174,0480249,6479
56176,0952640,6477
56339,0464141,6537
56367,0467406,7326
56587,0825232,7350
56607,0419887,7979
56715,0477139,13198
56757,0408236,13885
56775,0465234,6637
56782,0469494,7345
56788,0472062,6538
56801,0758730,440
56805,0841046,6575
56941,0431308,6023
56949,0988595,6557
57274,1038988,8329
57368,1060277,7191
57504,0808506,14069
57528,0462499,7555
57640,0411477,11253
57669,0780536,8321
58025,0489099,8247
58047,0832266,8390
58103,0443274,7461
58105,0416236,8204
58154,0467200,12184
58156,0839980,13260
58162,0425413,7942
58293,0443649,7840
58295,0200465,8848
58299,0451079,12222
58301,0808279,8461
58303,0813547,7862
58347,0472160,7985
58559,0468569,155
58803,0478087,8065
58998,0800039,9870
59018,0857191,12473
59022,0481536,13335
59103,0865556,1729
59126,0815241,13007
59258,0871426,8780
59315,0371746,1726
59369,0936501,8681
59387,0460791,14784
59421,1033643,9029
59501,0499448,2454
59615,0367882,217
59725,1000774,4564
59727,0482606,10665
59784,0441773,9502
59900,0960144,10661
60037,0949731,8645
60040,0800080,1724
60069,0910970,10681
60072,0493464,8909
60074,0448157,8960
60126,0425061,11665
60397,0795421,11631
60514,0373051,88751
60684,0409459,13183
60756,0838283,12133
60760,0443701,8836
60766,1155592,14048
60937,0859163,1735
60950,0497465,5038
61024,0910936,10189
61132,0942385,7446
61160,1185834,12180
61236,1185616,8885
61240,1139797,13310
61248,0452608,10483
61250,0852713,12620
61323,0887883,4944
61350,0364970,9381
61729,0995039,12797
62081,1059786,13027
62155,0981227,12182
62374,0758774,12113
62376,0970411,13600
62394,0467197,13051
62434,1007028,10358
62511,0383028,4960
62644,1063669,7735
62849,1032755,13809
62999,0479952,10527
63062,0824747,3580
63072,0898367,20766
63082,1010048,12405
63113,0830515,10764
63131,0430922,15373
63436,1132626,11917
63479,1135985,13523
63853,0455824,6972
63859,0397892,13053
63876,1013753,10139
63992,1099212,8966
64030,1129442,13387
64034,0914798,14574
64497,0970416,10200
64575,0918927,14359
64614,1205489,13223
64620,0870111,11499
64622,0976051,8055
64716,0814314,11321
64839,1125849,12163
64957,0421715,4922
64969,1068680,10201
64983,0985699,2253
64993,0983213,38142
65088,0960731,10202
65130,0959337,4148
65188,1152758,15584
65216,1034303,13813
65230,0822832,14306
65261,0876563,12429
65514,1220719,14756
65585,0901476,10521
65642,0480669,14139
65682,0834001,12437
65802,1114740,14560
66097,0327597,14836
66171,0465580,13455
66203,1001508,10184
66371,1069238,16804
66509,1201167,20829
66665,1176740,19255
66934,1227926,14301
67087,1155056,16538
67197,0448011,13811
67255,1132620,15472
67267,0862846,13090
67408,0892782,15512
67734,1091722,16614
67788,1093908,20048
67923,1013752,13804
67997,1226774,19833
68073,1131729,18947
68135,0974661,16996
68157,0361748,16869
68159,0473705,16995
68205,1121931,15092
68237,1182345,17431
68319,0458525,2080
68358,0796366,13475
68554,0808151,13448
68791,0438488,534
68793,1078912,18360
68952,1127180,16871
68954,1049413,14160
69122,1119646,18785
69134,0870984,17609
69306,1111422,18487
69406,1041829,18240
69436,1045778,17610
69481,0887912,12162
69524,0772251,62128
69526,1055369,8373
69604,1178663,19265
69640,1152836,11322
69644,1080016,8355
69757,1022603,19913
69784,0889583,18480
69844,0417741,767
69951,1054606,8054
70159,1148204,21208
70183,1142988,20943
70286,1136608,17654
70293,1135503,24803
70336,1046173,14869
70599,0452694,24420
70728,1172570,18533
71033,1305806,25376
71057,0472033,12244
71108,1149362,37903
71135,1188729,19898
71156,1234548,10313
71205,1131734,19994
71211,1130080,11323
71252,1144884,19912
71254,1034032,18501
71264,0844471,22794
71282,1286537,18570
71379,1179904,23827
71464,1019452,12573
71518,1172233,22798
71520,1058017,23082
71530,0986263,19959
71535,1156398,19908
71579,1174732,24684
71668,1078940,19899
71745,0386117,16523
71838,1197624,22803
72011,1193138,22947
72129,1233227,22804
72226,0432283,10315
72294,1067106,17979
72356,1425244,24480
72378,1190080,14161
72395,0929632,25793
72407,1259571,18239
72641,0878804,22881
72720,1315981,34653
72731,0380510,7980
72733,1057500,22954
72737,0780521,10198
72998,0499549,19995
73015,1230414,22897
73017,0988045,10528
73023,1263670,25196
73266,0403702,22327
73268,0433362,19901
73290,1028532,28178
73319,1216492,25195
73321,1037705,20504
73323,1343097,33613
73344,1235166,21575
73881,1187043,20453
73929,1038686,22894
74228,1187064,26466
74275,1045772,8952
74450,0817230,32856
74458,1130884,11324
74510,1216487,24253
74530,0814255,32657
74545,1139328,11439
74685,0455407,29427
74688,0989757,22971
74789,1014759,12155
74795,0947810,22972
74851,1179034,26389
74946,0815236,34016
75805,1038919,27573
75985,1053424,31867
76077,1231587,23048
76093,0892769,10191
76175,0800320,18823
76251,1250777,23483
76293,1279935,35056
77307,1379182,38810
77455,1587707,39452
77561,1228705,10138
77800,1341167,37495
77866,0955308,20662
78039,1120985,46705
78088,1462758,26388
78105,0473075,9543
78209,1226229,32823
78266,1017460,37707
78316,0892318,37056
78349,1258197,29917
78469,0429493,34544
78499,0435761,10193
78574,1399683,39013
78637,0892791,10192
78772,1325004,24021
78836,1191111,34647
78893,0938283,10196
79057,1424381,34851
79091,1323594,20352
79132,1375666,27205
79134,1375670,38365
79139,0963966,27022
79185,1013743,37834
79224,1155076,38575
79242,0842926,39781
79293,0944835,27576
79357,0485947,31011
79428,0427152,38778
79553,1386932,37472
79592,1386588,27581
79695,1320253,27578
79702,0446029,22538
80126,1440728,27579
80166,0889573,41210
80219,0985694,23631
80363,1220634,35791
80463,1285016,37799
80489,0840361,23168
80549,1282140,37735
80551,0879870,38167
80615,1219342,41216
80693,0804497,43923
80831,1228987,41402
80846,1314655,44040
80860,1055292,38408
80906,1645089,44639
80917,1470827,43933
80969,1334260,42188
81229,1245526,39514
81417,1536044,41436
81537,1231583,41733
81562,1542344,44115
81564,1001526,38055
81591,0947798,44214
81782,0477080,44048
81788,1458175,43539
81834,0926084,12444
81845,1504320,45269
81847,0398286,38757
81932,0964517,45317
82167,0758752,43347
82169,0980970,10140
82202,1243957,37710
82459,1403865,44264
82461,1104001,20526
82667,1588170,49797
82852,0970866,39451
83132,1568921,51739
83134,1465522,46838
83349,0990407,40805
83613,0409847,49849
84152,1219289,51876
84374,1411238,41630
84392,1189340,50348
84601,1401152,48138
84772,1092026,39513
84944,1192628,44896
84954,1385826,38050
85020,0472399,27582
85056,1464540,46529
85131,1217613,44943
85342,1555149,47931
85367,1564367,50546
85412,1740707,46146
85414,0945513,45612
85510,0978764,23629
85774,1424432,58496
85788,1591095,49018
86190,0993842,50456
86295,1262416,41446
86298,1436562,46195
86320,1527186,62215
86332,0800369,10195
86345,1421373,45523
86347,1190722,30969
86377,0927619,24447
86644,1596343,51497
86781,1255953,46738
86833,1478338,55721
86835,0822847,38321
86880,1298650,1865
86882,1605783,59436
86898,0478304,8967
86911,1411697,45243
87192,1478964,59678
87222,1302011,49444
87232,1270798,49538
87234,1440292,49020
87304,1532503,55347
87306,1650062,37686
87430,1133985,44912
87485,1284575,52449
87520,1399103,38356
87869,1499658,51540
87876,1216475,49013
88125,1201607,12445
88129,0780504,64690
88140,0458339,1771
88163,1570728,50646
88179,1563738,51828
88235,1540133,67913
88405,1632708,50544
88744,1318514,61791
88785,1488555,49520
88810,1454029,50014
89039,1549572,55420
89118,1189073,63311
89470,1598778,39538
89492,1210166,60308
89745,0848228,24428
89753,1340800,49517
89759,1832382,60243
89774,1291584,59440
89804,1124035,10316
89864,1306980,40807
89904,1655442,74643
90057,1675192,64720
90249,0433035,39254
90345,0905372,60935
90376,1242460,71859
90405,1637688,49530
90430,1692486,72113
90439,1615147,50839
90522,1634122,58233
90531,1723811,76025
90600,1614989,70670
90647,0448694,58423
90717,0471042,59108
90746,0983193,17578
90866,0970179,44826
91077,1033575,65057
91094,1204342,64328
91104,1324999,50619
91485,1764651,76163
91500,1392170,70160
91529,1345836,49026
91535,1194173,49040
91542,1515091,58574
91630,1229238,56292
91653,1389137,74465
91658,1568346,65754
91974,1496025,52520
91976,1601913,75174
92259,1675434,77338
92420,1706593,76726
92422,1596365,65086
92507,1599348,59961
92509,1606389,72570
93270,1636826,57214
93272,1482459,73723
93326,1596350,59962
93363,0401729,49529
93510,1232829,64688
93721,1772925,80767
93766,1646987,57165
93831,1605630,71552
93838,1899353,94329
93840,1259521,22970
94018,1440129,44833
94070,1412386,74534
94478,1077368,62213
94677,1645170,76493
94777,1409024,41154
94780,1735898,58595
94864,1446714,70981
94959,1748122,83666
95088,1862079,84332
95105,1277953,80321
95167,1217209,62177
95207,1611224,72331
95309,1307068,88005
95441,1637725,72105
95510,0948470,1930
95543,1667889,57800
95558,2125435,84175
95654,0131409,13929
95858,0248808,13930
95873,1839492,103332
95875,1386703,64635
96079,1074638,37724
96110,1790886,77953
96281,1623288,77174
96432,1212450,82633
96488,2125608,84334
96588,1981677,114150
96606,0770802,89708
96610,1276104,59967
96655,1990314,84329
96691,1855325,71679
96728,1560747,68722
96737,1343727,49049
96811,1855199,77016
96821,1659337,84892
96829,2106476,103663
96861,1397280,82675
97172,1142977,62214
97188,1922777,82507
97225,0837562,76492
97304,1024648,68734
97306,1931533,86838
97752,1371111,83542
97913,1772341,82690
97921,1045658,82693
97923,1907668,87502
97938,0454876,87827
98056,1602620,86837
98154,0443272,72976
98203,1673434,50620
98243,1446192,81188
98491,2388725,140420
98809,0903624,49051
98961,1790885,97630
99007,1588173,82654
99112,0790724,75780
99114,1853728,68718
99145,1649419,80278
99149,1707386,82695
99728,1321870,82682
99912,2023587,132232
100163,1428538,60304
100383,2053463,109421
100390,2024432,109431
100498,1606378,47964
100714,2209418,132344
101076,1583421,72559
101112,1623205,68728
101142,0481499,49519
101285,2101441,122081
101362,2302755,117263
101525,1817273,97367
101739,1288558,109428
101864,1483013,75612
101962,2140203,110420
102033,1980209,134374
102123,1245492,109414
102125,1300854,68721
102194,1935179,103731
102407,1343092,64682
102445,1408101,54138
102481,2234155,116741
102686,1951261,109439
102716,1905041,82992
102800,2347569,121986
102880,1815862,82700
102903,1670345,75656
102993,1727388,147773
103042,0770828,49521
103075,2184339,158015
103141,1453405,62211
103228,1663662,68726
103249,0816711,72190
103253,1535108,68724
103306,2051879,174772
103335,1690953,93456
103339,2334879,117251
103341,1213663,107985
103372,2404463,136795
103384,1210819,57201
103539,1714206,157386
103655,0790736,49524
103688,1457767,138843
103772,1430132,76170
103810,1821694,146216
103883,1272878,136400
103980,2334873,160588
103984,2358891,179144
104211,1723121,138832
104241,1650554,59859
104243,1411250,87421
104272,2545118,158999
104283,2013293,149870
104374,2194499,122906
104841,1454468,49047
104879,1392214,146233
104908,2226417,91586
104913,1979320,96721
104944,2370248,169813
105197,1821549,129670
105213,2229499,138697
105355,2278871,152584
105468,1985966,109451
105504,1535109,109424
105653,1211956,107846
105844,2024544,76203
106002,1731141,80274
106072,1981115,76338
106100,0790636,152532
106438,2431286,205220
106441,0816442,203833
106487,1951264,101299
106489,1170358,57158
106491,1335975,64686
106696,2294629,109445
106766,2042568,86829
106782,0993846,106646
106916,1800241,168672
106918,0359950,116745
106920,1798709,152601
107069,1091191,193756
107141,2140373,140823
107348,1229340,109443
107406,1706620,110415
107771,1714915,152603
108188,1205537,137094
108190,1840309,157350
108727,1937390,110414
108729,2316411,181886
108928,2177771,152760
108932,1490017,137106
108945,1234721,97020
108981,2382009,249397
109374,2278388,120467
109487,0816692,157336
109578,2024469,225574
109673,1253863,53182
109848,1441395,97370
110102,1843866,100402
110127,1959490,86834
110501,2265171,180299
110553,1872181,102382
110591,2388715,157547
110730,2209764,157353
110771,2203939,193610
110882,2692904,210479
111113,2004420,195589
111360,2872732,240832
111362,1877832,127585
111364,0831387,124905
111384,2359024,188166
111443,2883512,212778
111622,1980929,198277
111659,1587310,102651
111743,2557490,188161
111759,1631867,137113
111781,2381249,177677
111921,2582846,222935
112138,2294449,187017
112171,0455944,156022
112175,1646971,82702
112183,2562232,194662
112290,1065073,85350
112370,2109248,91314
112552,2582802,244786
112556,2267998,210577
112623,2103281,119450
112804,2884206,244267
112852,2015381,118340
112897,2333784,138103
113345,1617661,76757
113348,1291150,98566
113378,0435651,227156
113573,0458481,189
113741,2866360,220289
114060,1600196,154400
114180,1790864,198663
114662,2179136,190859
114795,0829150,49017
114935,2397535,206487
115122,3416742,246741
115149,2911666,245891
115170,1872194,205587
115210,2713180,228150
115231,2170593,239563
115569,2872718,242582
115617,2245084,177572
115664,2262227,228326
115713,0470752,264660
116161,1100089,87492
116797,2084970,205596
116799,1791528,171274
116823,1951265,131631
116897,3011894,265195
116977,2096672,100042
117176,2980516,266856
117444,1865505,110416
117529,0369610,135397
117533,4044364,293310
117590,2170439,227159
117851,1911658,270946
117881,3316960,284293
117887,1109624,116149
117895,4046784,294254
118696,2310332,122917
118700,1020072,273895
118900,2305051,228970
118997,2180411,224141
119141,2788710,228967
119145,2802144,207703
119155,2692250,181533
120466,1823672,198184
120635,2446042,260346
120799,1340138,87101
121231,3235888,270303
122882,1392190,76341
122886,2488496,140607
122890,0803096,68735
122892,2395427,99861
122896,1790809,166426
122898,0974015,141052
122900,0478970,102899
122902,1502712,166424
122904,1431045,293660
122906,1825683,284054
122910,4154664,299537
122912,4154756,299536
122914,4154796,299534
122916,3501632,284053
122918,3896198,283995
122920,3498820,271110
122922,1211837,284052
122924,3385516,246655
122926,2250912,202249
125916,2322441,216015
126548,1666801,272693
127098,4368814,321594
127108,2381111,167073
127152,4257858,318224
127202,2582496,308369
128360,3460252,273248
128838,2554274,201085
129354,2381941,256591
130073,1661199,150689
130490,2908446,262500
130520,2224026,228161
130634,2820852,168259
131013,2561572,257091
131724,4299972,321640
132046,1964418,158852
132480,1655441,293863
132796,2126355,254128
133419,2848292,254470
133645,2402927,258480
133771,3464902,254320
134130,3659388,286217
134170,3472226,251516
134368,3079380,238713
134393,3152624,271718
134853,2096673,150540
135133,1951266,131634
135137,2120120,257344
135141,3410834,262504
135143,3183660,259316
135426,4123430,338952
135436,2709768,328111
135518,2140379,238615
135536,1386697,297761
135567,1628841,47933
135569,2660888,188927
135861,2637276,214756
135887,2293640,211672
136016,1979388,105864
136018,1355683,261023
136020,2379713,206647
136562,2080374,321697
136864,2975590,209112
137857,3040964,278927
138036,1638355,203801
138210,4172430,300671
139385,1663202,281957
139642,1798684,307081
139644,3397884,273481
139855,2401878,291270
140110,2361509,257211
140174,3170832,264644
140247,4178092,328425
140267,4263482,310131
140523,3567288,298312
140711,3316948,261392
140715,1398426,277216
140956,1677720,333339
141749,0810819,306819
141866,4062536,313922
142448,2719848,253412
142488,1895587,314365
142997,2510894,159824
143345,0448115,287947
143347,1477834,297802
143355,0451279,297762
143385,3682448,296098
143657,2400463,306947
143859,0475290,270487
144976,2494362,294963
146656,3076658,312221
148626,1596363,318846
148671,0495241,246355
149334,4550098,340666
149406,2267968,140300
152017,2674426,296096
152077,1179933,333371
152079,3300542,267860
152081,2948356,269149
152970,4698684,371645
156387,3544112,369557
156726,5022702,376570
157296,2277860,127380
157699,3774114,302401
158238,3799694,290250
158783,4016934,290098
158813,2567026,241259
158872,1700841,223702
158966,3553976,334533
159093,3110958,291805
159415,4034354,347031
159817,0795176,192040
159858,3065204,259693
160080,1289401,43074
160271,1489889,302699
160438,4196776,324668
160718,5613056,399106
160954,3531824,328387
160980,3263904,363676
161131,2005151,308266
161582,2582782,338766
161634,4160708,300669
161922,1878870,376660
162082,5700672,396535
162350,2404435,333484
162414,4975722,376867
162578,4302938,313297
162598,1860357,296524
162600,1935859,283366
162602,3631112,346685
162606,2140479,302946
163134,5311514,372058
163645,2119532,324786
163809,3718778,409696
164179,2543164,329865
164909,3783958,313369
165101,3062096,207932
165347,3393786,343611
165549,4034228,334541
165551,3741834,334543
165603,3289956,397243
166024,2654430,367412
166461,3521164,277834
166528,3748528,330459
166534,4972582,381288
166635,1355644,274870
166643,4846340,381284
166946,4276820,310307
167036,3470600,335797
167370,2094766,121856
167746,4116284,324849
167832,4857264,411088
168248,4425200,324552
168250,5052448,419430
168252,3315342,263115
168254,3731562,293167
168326,5462602,416477
168344,1972591,274857
168366,2771200,321612
168418,3874544,295693
168492,5726616,398818
168612,1219827,315837
169864,5442430,395992
169984,2316204,126889
170355,1619856,185789
170697,4481414,400928
170705,0185906,331214
170827,2345759,282035
170875,4630562,337339
171011,5491994,420714
171763,3890160,339403
171765,3967856,387426
172547,3469046,324852
173145,3450958,281338
173291,2239822,339964
173369,5742374,398181
173925,1536537,406990
173941,2406566,341013
174055,5013056,374720
174727,4846232,429200
174909,5439796,399170
175303,1396484,346364
175569,5362988,395834
175661,1959563,390043
176101,4649466,343668
176371,1856101,335984
176419,5109784,381283
176751,3532216,337170
176929,5308322,440021
177593,5027774,359940
177615,4925292,391713
177651,5649144,394117
177689,5715874,399057
177763,3402236,392044
177765,2380307,354912
178061,5580036,389015
178827,4468740,346648
179119,4686844,402897
179401,2283362,353486
179817,4555426,399404
179819,2527336,181808
180031,5580390,399055
180045,4209788,396371
180095,2543472,406997
180297,3521126,371638
180497,6294822,446354
180985,1485796,316029
181315,5776858,400617
182715,2798920,300668
182823,5519340,400106
183421,2873282,401981
183611,2704998,445571
183635,4500922,336843
183837,5083738,375262
183843,6998518,460885
183869,7784604,493922
183897,5104604,399174
184253,2548396,384521
184399,7014006,489925
184471,1365519,338970
185029,6644200,447332
187031,4881806,351286
187541,3606756,260513
187593,5463162,383498
187595,3778644,348350
187717,7681902,490003
188189,5688932,424781
188301,5095030,363088
188773,8075192,505192
188797,2854926,455980
189041,5052474,400535
189203,6499752,500664
189333,4912910,353081
189363,5164214,402900
189713,7349662,487558
190555,7668870,489999
190939,7040874,484247
192245,6628394,446021
192283,3104988,455207
192379,1213641,369972
192385,1517451,332562
192389,1270797,335983
192803,1727824,424694
193065,6155172,426426
193944,6412452,537996
193950,7775622,515042
194016,5848272,404368
194448,6966692,490132
194951,2737304,405774
195159,4633694,324857
195163,4701182,424783
195497,6266538,429197
196417,2386490,166428
196889,6823368,450465
196997,9495224,569547
197175,0437086,399579
197711,6857112,458723
200306,1489887,505600
200332,2066051,504608
200540,6139732,420817
200818,6146586,458156
200838,5884052,447404
201340,7984734,503919
201588,1979376,301528
201646,8772262,530385
201773,6320628,429617
201811,8079248,515195
202103,6292852,505948
202429,7131622,466272
202439,6751668,496243
202749,8613070,531428
203222,6105098,420818
203375,1950186,359724
204352,2935510,419704
204542,7349950,474350
204698,7286456,475557
204704,7798634,567609
205072,1560220,338967
205156,2584384,515001
205383,9243946,559969
205441,7653254,492188
206246,8228288,619264
206419,8404614,551332
206857,1302006,398978
206959,4520988,330457
207233,7975244,512200
207313,8946378,546554
207405,5606664,501170
208205,2527338,181812
208703,8579674,530915
208939,4729430,508965
209315,3281548,331482
209965,5727208,473033
210569,7713068,495764
210861,8367814,522627
212361,5363618,502033
212373,7939766,500840
212461,1051906,570670
213207,7146812,508439
213347,8332922,520763
213397,9620292,582014
217465,6723592,577922
217655,8503618,556574
218537,9484998,587792
223204,8847712,542178
224280,2382320,370172
225145,9770150,581734
225173,2948372,508442
225625,13143964,740985
225984,10288566,580175
226202,6264654,550988
226270,1070874,556984
241272,7888964,615457
242774,3480822,497698
244178,11138512,639933
247988,12801262,508943
250010,14544192,823754
251086,6334354,436969
254726,1160419,438631
255335,9376612,566525
260667,2953050,568124
263007,10872600,634649
263009,10838180,624860
263407,11286314,646380
268642,1877830,414906
270698,6710474,545611
272525,9419884,453395
273891,12593682,718930
274053,1745960,361743
275245,10954984,762504
278446,11813216,674324
278578,1016150,49046
278702,11564570,661374
279812,9764362,593643
281096,3915174,315162
